<?xml version="1.0" encoding="utf-8"?>
<unattend xmlns="urn:schemas-microsoft-com:unattend">
    <servicing/>
    <settings pass="windowsPE">
        <component xmlns:wcm="http://schemas.microsoft.com/WMIConfig/2002/State" xmlns:xsi="http://www.w3.org/2001/XMLSchema-instance" name="Microsoft-Windows-Setup" processorArchitecture="amd64" publicKeyToken="31bf3856ad364e35" language="neutral" versionScope="nonSxS">
            <DiskConfiguration>
                <Disk wcm:action="add">
                    <CreatePartitions>
                        <CreatePartition wcm:action="add">
                            <Order>1</Order>
                            <Type>Primary</Type>
                            <Extend>true</Extend>
                        </CreatePartition>
                    </CreatePartitions>
                    <ModifyPartitions>
                        <ModifyPartition wcm:action="add">
                            <Extend>false</Extend>
                            <Format>NTFS</Format>
                            <Letter>C</Letter>
                            <Order>1</Order>
                            <PartitionID>1</PartitionID>
                            <Label>Windows 10</Label>
                        </ModifyPartition>
                    </ModifyPartitions>
                    <DiskID>0</DiskID>
                    <WillWipeDisk>true</WillWipeDisk>
                </Disk>
                <WillShowUI>OnError</WillShowUI>
            </DiskConfiguration>
            <UserData>
                <AcceptEula>true</AcceptEula>
                <FullName>Packer</FullName>
                <Organization>Packer</Organization>

                <!--
                    NOTE: If you are re-configuring this for use of a retail key
                    and using a retail ISO, you need to adjust the <ProductKey> block
                    below to look like this:

                    <ProductKey>
                        <Key>W269N-WFGWX-YVC9B-4J6C9-T83GX</Key>
                        <WillShowUI>Never</WillShowUI>
                    </ProductKey>

                    Notice the addition of the `<Key>` element.
                -->

                <!-- Product Key from http://technet.microsoft.com/en-us/library/jj612867.aspx -->
                <ProductKey>
			<key></key>
			<WillShowUI>Never</WillShowUI>
                </ProductKey>
            </UserData>
            <ImageInstall>
                <OSImage>
                    <InstallTo>
                        <DiskID>0</DiskID>
                        <PartitionID>1</PartitionID>
                    </InstallTo>
                    <WillShowUI>OnError</WillShowUI>
                    <InstallToAvailablePartition>false</InstallToAvailablePartition>
                    <InstallFrom>
                        <MetaData wcm:action="add">
                            <Key>/image/name</Key>
			    <Value>Windows 10 Pro</Value>
                        </MetaData>
                    </InstallFrom>
                </OSImage>
            </ImageInstall>
    </component>

    <component name="Microsoft-Windows-PnpCustomizationsWinPE" processorArchitecture="amd64" publicKeyToken="31bf3856ad364e35" language="neutral" versionScope="nonSxS" xmlns:wcm="http://schemas.microsoft.com/WMIConfig/2002/State" xmlns:xsi="http://www.w3.org/2001/XMLSchema-instance">
        <DriverPaths>
            <PathAndCredentials wcm:action="add" wcm:keyValue="A">
                <Path>B:\</Path>
            </PathAndCredentials>
        </DriverPaths>
    </component>
    
    </settings>

    <settings pass="offlineServicing">
        <component name="Microsoft-Windows-LUA-Settings" processorArchitecture="amd64" publicKeyToken="31bf3856ad364e35" language="neutral" versionScope="nonSxS">
            <EnableLUA>false</EnableLUA>
        </component>
    </settings>
    <settings pass="oobeSystem">

	    <!--
	    <component name="Microsoft-Windows-International-Core" processorArchitecture="amd64" publicKeyToken="31bf3856ad364e35" language="neutral" versionScope="nonSxS" xmlns:wcm="http://schemas.microsoft.com/WMIConfig/2002/State" xmlns:xsi="http://www.w3.org/2001/XMLSchema-instance">
		<SetupUILanguage>
			<UILanguage>en-US</UILanguage>
		</SetupUILanguage>
		<InputLocale>041d:0000041d</InputLocale>
		<SystemLocale>en-US</SystemLocale>
		<UILanguage>en-US</UILanguage>
		<UILanguageFallback>en-US</UILanguageFallback>
		<UserLocale>en-US</UserLocale>
	    </component>
	    -->

	<component name="Microsoft-Windows-International-Core" processorArchitecture="amd64" publicKeyToken="31bf3856ad364e35" language="neutral" versionScope="nonSxS" xmlns:wcm="http://schemas.microsoft.com/WMIConfig/2002/State" xmlns:xsi="http://www.w3.org/2001/XMLSchema-instance">
            <SystemLocale>en-US</SystemLocale>
        </component>

	<component xmlns:wcm="http://schemas.microsoft.com/WMIConfig/2002/State" xmlns:xsi="http://www.w3.org/2001/XMLSchema-instance" name="Microsoft-Windows-Shell-Setup" processorArchitecture="amd64" publicKeyToken="31bf3856ad364e35" language="neutral" versionScope="nonSxS">
            <UserAccounts>
                <AdministratorPassword>
                    <Value>packer</Value>
                    <PlainText>true</PlainText>
                </AdministratorPassword>
                <LocalAccounts>
                    <LocalAccount wcm:action="add">
                        <Password>
                            <Value>packer</Value>
                            <PlainText>true</PlainText>
                        </Password>
                        <Description>Packer User</Description>
                        <DisplayName>packer</DisplayName>
                        <Group>administrators</Group>
                        <Name>packer</Name>
                    </LocalAccount>
                </LocalAccounts>
            </UserAccounts>
            <OOBE>
                <HideEULAPage>true</HideEULAPage>
                <HideWirelessSetupInOOBE>true</HideWirelessSetupInOOBE>
                <NetworkLocation>Home</NetworkLocation>
                <ProtectYourPC>1</ProtectYourPC>
            </OOBE>
            <AutoLogon>
                <Password>
                    <Value>packer</Value>
                    <PlainText>true</PlainText>
                </Password>
                <Username>packer</Username>
                <Enabled>true</Enabled>
            </AutoLogon>
            <FirstLogonCommands>
                <SynchronousCommand wcm:action="add">
                    <CommandLine>cmd.exe /c powershell -Command "Set-ExecutionPolicy -ExecutionPolicy RemoteSigned -Force"</CommandLine>
                    <Description>Set Execution Policy 64 Bit</Description>
                    <Order>1</Order>
                    <RequiresUserInput>true</RequiresUserInput>
	    	</SynchronousCommand>
                <SynchronousCommand wcm:action="add">
                    <CommandLine>powershell -ExecutionPolicy Bypass -File a:\setup.ps1</CommandLine>
		    <Description>setup script</Description>
                    <Order>2</Order>
                    <RequiresUserInput>true</RequiresUserInput>
                </SynchronousCommand>
                <SynchronousCommand wcm:action="add">
                    <CommandLine>cmd.exe /c reg add "HKLM\System\CurrentControlSet\Control\Network\NewNetworkWindowOff"</CommandLine>
                    <Description>Network prompt</Description>
                    <Order>3</Order>
                    <RequiresUserInput>true</RequiresUserInput>
                </SynchronousCommand>
                <SynchronousCommand wcm:action="add">
                    <CommandLine>%SystemRoot%\System32\reg.exe ADD HKCU\SOFTWARE\Microsoft\Windows\CurrentVersion\Explorer\Advanced\ /v HideFileExt /t REG_DWORD /d 0 /f</CommandLine>
                    <Order>6</Order>
                    <Description>Show file extensions in Explorer</Description>
                </SynchronousCommand>
                <SynchronousCommand wcm:action="add">
                    <CommandLine>%SystemRoot%\System32\reg.exe ADD HKCU\Console /v QuickEdit /t REG_DWORD /d 1 /f</CommandLine>
                    <Order>7</Order>
                    <Description>Enable QuickEdit mode</Description>
                </SynchronousCommand>
                <SynchronousCommand wcm:action="add">
                    <CommandLine>%SystemRoot%\System32\reg.exe ADD HKCU\SOFTWARE\Microsoft\Windows\CurrentVersion\Explorer\Advanced\ /v Start_ShowRun /t REG_DWORD /d 1 /f</CommandLine>
                    <Order>8</Order>
                    <Description>Show Run command in Start Menu</Description>
                </SynchronousCommand>
                <SynchronousCommand wcm:action="add">
                    <CommandLine>%SystemRoot%\System32\reg.exe ADD HKCU\SOFTWARE\Microsoft\Windows\CurrentVersion\Explorer\Advanced\ /v StartMenuAdminTools /t REG_DWORD /d 1 /f</CommandLine>
                    <Order>9</Order>
                    <Description>Show Administrative Tools in Start Menu</Description>
                </SynchronousCommand>
                <SynchronousCommand wcm:action="add">
                    <CommandLine>%SystemRoot%\System32\reg.exe ADD HKLM\SYSTEM\CurrentControlSet\Control\Power\ /v HibernateFileSizePercent /t REG_DWORD /d 0 /f</CommandLine>
                    <Order>10</Order>
                    <Description>Zero Hibernation File</Description>
                </SynchronousCommand>
                <SynchronousCommand wcm:action="add">
                    <CommandLine>%SystemRoot%\System32\reg.exe ADD HKLM\SYSTEM\CurrentControlSet\Control\Power\ /v HibernateEnabled /t REG_DWORD /d 0 /f</CommandLine>
                    <Order>11</Order>
                    <Description>Disable Hibernation Mode</Description>
                </SynchronousCommand>
                <SynchronousCommand wcm:action="add">
                    <CommandLine>cmd.exe /c wmic useraccount where "name='packer'" set PasswordExpires=FALSE</CommandLine>
                    <Order>12</Order>
                    <Description>Disable password expiration for packer user</Description>
                </SynchronousCommand>
                <SynchronousCommand wcm:action="add">
                    <CommandLine>%SystemRoot%\System32\reg.exe ADD "HKLM\SOFTWARE\Microsoft\Windows NT\CurrentVersion\Winlogon" /v DefaultPassword /t REG_SZ /d "packer" /f</CommandLine>
                    <Order>13</Order>
                    <Description>Enable AutoLogon</Description>
                </SynchronousCommand>
                <SynchronousCommand wcm:action="add">
                    <CommandLine>%SystemRoot%\System32\reg.exe ADD "HKLM\SOFTWARE\Microsoft\Windows NT\CurrentVersion\Winlogon" /v AutoAdminLogon /t REG_SZ /d 1 /f</CommandLine>
                    <Order>14</Order>
                    <Description>Enable AutoLogon</Description>
                </SynchronousCommand>
                <!-- WITHOUT WINDOWS UPDATES -->
                <SynchronousCommand wcm:action="add">
                    <CommandLine>cmd.exe /c C:\Windows\System32\WindowsPowerShell\v1.0\powershell.exe -File a:\enable-winrm.ps1</CommandLine>
                    <Description>Enable WinRM</Description>
                    <Order>99</Order>
                </SynchronousCommand>
                <!-- END WITHOUT WINDOWS UPDATES -->
                <!-- WITH WINDOWS UPDATES -->
                <!--
                <SynchronousCommand wcm:action="add">
                    <CommandLine>cmd.exe /c a:\microsoft-updates.bat</CommandLine>
                    <Order>98</Order>
                    <Description>Enable Microsoft Updates</Description>
                </SynchronousCommand>
                <SynchronousCommand wcm:action="add">
                    <CommandLine>cmd.exe /c C:\Windows\System32\WindowsPowerShell\v1.0\powershell.exe -File a:\disable-screensaver.ps1</CommandLine>
                    <Description>Disable Screensaver</Description>
                    <Order>99</Order>
                    <RequiresUserInput>true</RequiresUserInput>
                </SynchronousCommand>
                <SynchronousCommand wcm:action="add">
                    <CommandLine>cmd.exe /c C:\Windows\System32\WindowsPowerShell\v1.0\powershell.exe -File a:\win-updates.ps1</CommandLine>
                    <Description>Install Windows Updates</Description>
                    <Order>100</Order>
                    <RequiresUserInput>true</RequiresUserInput>
                </SynchronousCommand>
                 -->
                <!-- END WITH WINDOWS UPDATES -->
            </FirstLogonCommands>
            <ShowWindowsLive>false</ShowWindowsLive>
        </component>
    </settings>
    <settings pass="specialize">
	    
	    <component name="Microsoft-Windows-Shell-Setup" processorArchitecture="amd64" publicKeyToken="31bf3856ad364e35" language="neutral" versionScope="nonSxS">
            <OEMInformation>
                <HelpCustomized>false</HelpCustomized>
            </OEMInformation>
            <!-- Rename computer here. -->
            <ComputerName>packer-10</ComputerName>
            <TimeZone>Pacific Standard Time</TimeZone>
            <RegisteredOwner/>
        </component>
        <component name="Microsoft-Windows-Deployment" processorArchitecture="amd64" publicKeyToken="31bf3856ad364e35" language="neutral" versionScope="nonSxS" xmlns:wcm="http://schemas.microsoft.com/WMIConfig/2002/State" xmlns:xsi="http://www.w3.org/2001/XMLSchema-instance">
            <RunSynchronous>
                <RunSynchronousCommand wcm:action="add">
                    <Order>1</Order>
                    <!-- Install VMware Tools from windows.iso -->
                    <Path>a:\vmtools.cmd</Path>
                    <WillReboot>Always</WillReboot>
                </RunSynchronousCommand>
            </RunSynchronous>
        </component>
        <component xmlns:wcm="http://schemas.microsoft.com/WMIConfig/2002/State" xmlns:xsi="http://www.w3.org/2001/XMLSchema-instance" name="Microsoft-Windows-Security-SPP-UX" processorArchitecture="amd64" publicKeyToken="31bf3856ad364e35" language="neutral" versionScope="nonSxS">
            <SkipAutoActivation>true</SkipAutoActivation>
        </component>
        <component name="Security-Malware-Windows-Defender" processorArchitecture="x86" publicKeyToken="31bf3856ad364e35" language="neutral" versionScope="nonSxS" xmlns:wcm="http://schemas.microsoft.com/WMIConfig/2002/State" xmlns:xsi="http://www.w3.org/2001/XMLSchema-instance">
            <DisableAntiSpyware>true</DisableAntiSpyware>
        </component>
    </settings>
    <cpi:offlineImage xmlns:cpi="urn:schemas-microsoft-com:cpi" cpi:source="catalog:d:/sources/install_windows 7 ENTERPRISE.clg"/>
</unattend>
